{
  "mean": [
    0.1822512998494073,
    0.00018716081194444122,
    8.442464465155171e-08,
    737.8347557217159,
    1882.2261610257024,
    3607.7829024121397,
    -814.4370463849588,
    81.80848054672245
  ],
  "scale": [
    0.02658496263772284,
    7.157988718251174e-05,
    3.027162870884362e-07,
    596.6034681343407,
    193.03333070681504,
    339.8796065916907,
    19.249171018600403,
    9.984513150467128
  ]
}