{"ch_mean": [0.053814444690942764, 0.4605911076068878, 0.5382570624351501], "ch_std": [0.28182388351989746, 0.017922390939126016, 0.03275430457426071]}