{"ch_mean": [0.08568429201841354, 0.4765058755874634, 0.5932515859603882], "ch_std": [0.2873777549131012, 0.005234269646385908, 0.015596483589539528]}