{
  "mean": [
    0.15397967689007647,
    0.0005102187691961062,
    7.540980581672212e-07,
    917.0478390232992,
    1724.3818542997715,
    3048.4962820925957,
    -827.4030120655642,
    60.94305727005763
  ],
  "scale": [
    0.03902344190155709,
    0.00014129379396065538,
    4.3294848191812883e-07,
    525.4886984824382,
    337.2777298956294,
    591.0500051774636,
    36.9995564292643,
    20.607525777781913
  ]
}