{"ch_mean": [0.07794595509767532, 0.4622785151004791, 0.5201336145401001], "ch_std": [0.2904045979840851, 0.024104484112391474, 0.008080802613327503]}