{
  "mean": [
    0.22583365673247652,
    0.0003177027989929974,
    1.2322411772163323e-07,
    1099.195570263412,
    2242.096790032471,
    3865.422980858158,
    -787.8257243789245,
    66.34654481556105
  ],
  "scale": [
    0.027642032589278862,
    8.14537128553588e-05,
    2.3398332414550586e-07,
    222.40027937505974,
    203.775795682158,
    284.6361709964554,
    21.630466095134576,
    13.443819954480112
  ]
}