{"ch_mean": [0.1259574592113495, 0.43310993909835815, 0.5629576444625854], "ch_std": [0.23602070914340972, 0.02466008322072983, 0.013535110035369396]}