{
  "mean": [
    0.1465746421038228,
    0.00023424725432229096,
    1.1218827464145337e-07,
    596.2916116340488,
    1538.2667567832798,
    2911.978871424058,
    -857.1636741787779,
    89.35468932366838
  ],
  "scale": [
    0.0354774656400785,
    7.05271907150981e-05,
    2.4535892271998137e-07,
    475.1861833308809,
    317.8959651742677,
    628.6289917882156,
    37.17642084347461,
    16.041172178155154
  ]
}