{"ch_mean": [0.11001088470220566, 0.4224892854690552, 0.5567825436592102], "ch_std": [0.24335956083370208, 0.016305013315210344, 0.02188611099256039]}