{
  "ch_min": [
    -0.2260163426399231,
    0.38284069299697876,
    0.5126957297325134
  ],
  "ch_max": [
    0.9782599806785583,
    0.45789480209350586,
    0.6077653169631958
  ]
}