{
  "mean": [
    0.1595746379404366,
    0.0001600023670768674,
    7.59066676721009e-08,
    291.2996136850067,
    1656.1748897085108,
    3159.4249422725957,
    -864.6409201842611,
    90.04848668850431
  ],
  "scale": [
    0.04168882108864475,
    8.423465834146325e-05,
    3.012918964369766e-07,
    414.7086651242138,
    345.4191063875619,
    664.6637693787601,
    41.259551529504776,
    16.649981286446494
  ]
}