{"ch_mean": [0.050895050168037415, 0.4547060430049896, 0.5457831025123596], "ch_std": [0.30558041738105773, 0.018939723016152384, 0.01561953568590641]}