{"ch_mean": [0.17451006174087524, 0.454243540763855, 0.499604195356369], "ch_std": [0.3250211279256439, 0.017338567168841364, 0.007654661999473572]}