{"ch_mean": [0.11951696872711182, 0.442363977432251, 0.5052378177642822], "ch_std": [0.23718955622745513, 0.02270637521279812, 0.009569573902914524]}