{
  "mean": [
    0.1620701559933654,
    0.00025970517466451565,
    1.7658226191032326e-07,
    525.3000293977079,
    1684.855078862657,
    3207.4153567903454,
    -844.703961705139,
    82.16842900939852
  ],
  "scale": [
    0.038174957942793325,
    7.803218014950865e-05,
    3.6485012831622485e-07,
    478.9148749927644,
    353.3348546393009,
    657.5101218174409,
    34.62414644688963,
    16.2522774675424
  ]
}