{"ch_mean": [-0.025752564892172813, 0.4609084129333496, 0.5595288872718811], "ch_std": [0.2921682696206665, 0.020741752104291918, 0.0056701747117733955]}