{
  "mean": [
    0.1532839224732259,
    0.0004664350452756891,
    1.0005943233431674e-06,
    762.2792956420069,
    1740.0150477197878,
    3235.3593836828254,
    -823.8050871972758,
    66.72372636557498
  ],
  "scale": [
    0.03491784937939258,
    0.00018671270102658602,
    4.1548597850119575e-06,
    572.8812215275194,
    303.6106891144398,
    533.2153315049229,
    35.05691922447427,
    17.622015380932755
  ]
}