{
  "mean": [
    0.2333217579224165,
    0.0004553400049681423,
    2.347112424005253e-07,
    655.1493109993953,
    2100.5648623433353,
    3448.164960588728,
    -811.9354476634139,
    45.84820745488391
  ],
  "scale": [
    0.031156235536278144,
    7.282878618107085e-05,
    2.405219060841212e-07,
    562.619806823632,
    229.26217095604673,
    409.26371612938993,
    25.88228366727881,
    14.327051968912778
  ]
}