{"ch_mean": [-0.05879085510969162, 0.45350852608680725, 0.5250344276428223], "ch_std": [0.31704385088516235, 0.014289788657257557, 0.028572066442499162]}