{
  "mean": [
    0.2520998925059061,
    0.00014983785833939923,
    6.788545552334504e-08,
    636.1084874150307,
    2514.4217406139883,
    4892.110659636093,
    -847.3992099931756,
    50.251622035380905
  ],
  "scale": [
    0.04890166646494522,
    8.695967968715353e-05,
    2.264273326788329e-07,
    610.2643595196997,
    382.7081851115636,
    595.254958303568,
    33.94460474533274,
    18.54662192461542
  ]
}