{
  "mean": [
    0.1601610532708811,
    0.00017906750319115686,
    8.48297221883564e-08,
    639.0091331911759,
    1698.0776176222373,
    3298.76622552699,
    -836.246869952626,
    90.41491702864587
  ],
  "scale": [
    0.028959361359290888,
    7.844971854942705e-05,
    2.6499202839347983e-07,
    544.3923667634774,
    225.11912164235733,
    435.6057215834946,
    26.57909044154293,
    11.879218776815245
  ]
}