{"ch_mean": [0.03854478523135185, 0.4327182173728943, 0.541431725025177], "ch_std": [0.29398177074028015, 0.03528237597776413, 0.03481778384877205]}