{"ch_mean": [0.010587602853775024, 0.47040438652038574, 0.5409440398216248], "ch_std": [0.2962958912713623, 0.013376896025071144, 0.02656202831996441]}