{
  "mean": [
    0.2557588229875872,
    0.0002855214755620861,
    1.4511242602144303e-07,
    1403.9392839160723,
    2440.4387904760138,
    4018.7088115549063,
    -825.3196002619643,
    57.93994794164111
  ],
  "scale": [
    0.037948576414999186,
    8.939984889006984e-05,
    4.1097268209551834e-07,
    256.3194597267735,
    279.26825549932823,
    330.0783327637751,
    29.816058080795454,
    17.037190503706654
  ]
}