{"ch_mean": [0.06562822312116623, 0.46723049879074097, 0.5621297359466553], "ch_std": [0.30213959024978637, 0.01261962366981268, 0.008841375575790405]}