{
  "mean": [
    0.16583994759707274,
    0.0004675472936197982,
    8.938944485478755e-07,
    706.133374699009,
    1596.8801095908268,
    2631.971031316956,
    -861.4690159993133,
    86.21463282624794
  ],
  "scale": [
    0.03605274427924762,
    0.0001316720125972323,
    5.500158529093234e-07,
    598.5283838259131,
    302.3941766621351,
    487.88156691996886,
    46.01323734712583,
    17.793739928785293
  ]
}