{"ch_mean": [0.08860115706920624, 0.4569188356399536, 0.5791810154914856], "ch_std": [0.2652179102761841, 0.01527094630284071, 0.00987902072949171]}