{
  "mean": [
    0.15777743164656344,
    0.0004928735900967625,
    1.113742729810569e-06,
    677.466171304909,
    1542.1744873691046,
    2537.7356771906952,
    -855.9480798243218,
    79.82808083833679
  ],
  "scale": [
    0.03658005763538356,
    0.0001221672137599763,
    3.965961504042092e-07,
    620.7388775192935,
    304.52514000523735,
    516.1360372305901,
    40.51814324799963,
    16.255113704533002
  ]
}