{"ch_mean": [0.1272108107805252, 0.4322189688682556, 0.568605363368988], "ch_std": [0.25453192995620727, 0.021659538836607935, 0.009126072504947185]}