{
  "mean": [
    0.18428162750344546,
    0.00017366251259477033,
    6.766998767158245e-08,
    930.7765489646366,
    1896.8886571914431,
    3432.016499110631,
    -868.0418083251469,
    79.43444957323963
  ],
  "scale": [
    0.03965481359092656,
    7.25792421031259e-05,
    1.6975316900612786e-07,
    583.3833914268594,
    331.8023426779304,
    554.72845295289,
    42.90491240973715,
    17.50054113330726
  ]
}