{
  "mean": [
    0.18284984582131453,
    0.0004593441828204743,
    5.547826082851324e-07,
    533.1734629338331,
    1743.820548301168,
    3041.3153569287592,
    -810.6265189293588,
    65.4857750297773
  ],
  "scale": [
    0.03817633828541346,
    9.044121536752576e-05,
    2.0204708864791624e-07,
    503.03013359536266,
    282.7280894149315,
    486.1691317484884,
    24.86265797310774,
    13.480080589775246
  ]
}