{"ch_mean": [0.049533434212207794, 0.4398842751979828, 0.5498960018157959], "ch_std": [0.27181870745254516, 0.01522044813019991, 0.010036445909569263]}