{
  "mean": [
    0.16372292254089824,
    0.0001749714346060944,
    9.021689017340676e-08,
    351.0530795547051,
    1815.0151398821574,
    3464.643728923022,
    -852.0406421258198,
    77.68666820167526
  ],
  "scale": [
    0.03589404086085779,
    8.553556051955647e-05,
    3.2430549498929423e-07,
    408.49545608814253,
    290.90276095168963,
    522.5257726552983,
    32.7211263759614,
    15.429438390060382
  ]
}